{"cameraMode":{"drawMode":0,"name":"Shaded","section":"Shading Mode"},"sceneLighting":true,"audioPlay":false,"sceneViewState":{"m_AlwaysRefresh":false,"showFog":true,"showSkybox":true,"showFlares":true,"showImageEffects":true,"showParticleSystems":true,"showVisualEffectGraphs":true,"m_FxEnabled":true},"in2DMode":false,"pivot":{"x":-1.3369414806365967,"y":0.003513336181640625,"z":1.1925657987594605},"rotation":{"x":0.3203655779361725,"y":-0.14748799800872804,"z":0.05057962238788605,"w":0.9343770146369934},"size":6.5325188636779789,"orthographic":false}