{"cameraMode":{"drawMode":0,"name":"Shaded","section":"Shading Mode"},"sceneLighting":true,"audioPlay":false,"sceneViewState":{"m_AlwaysRefresh":false,"showFog":true,"showSkybox":true,"showFlares":true,"showImageEffects":true,"showParticleSystems":true,"showVisualEffectGraphs":true,"m_FxEnabled":true},"in2DMode":false,"pivot":{"x":-2.365379571914673,"y":-23.44125747680664,"z":29.98151206970215},"rotation":{"x":-0.35535678267478945,"y":-0.007338860537856817,"z":0.0027814689092338087,"w":-0.9347010850906372},"size":25.567344665527345,"orthographic":false}