{"cameraMode":{"drawMode":0,"name":"Shaded","section":"Shading Mode"},"sceneLighting":true,"audioPlay":false,"sceneViewState":{"m_AlwaysRefresh":false,"showFog":true,"showSkybox":true,"showFlares":true,"showImageEffects":true,"showParticleSystems":true,"showVisualEffectGraphs":true,"m_FxEnabled":true},"in2DMode":false,"pivot":{"x":1.090543508529663,"y":-0.13815706968307496,"z":0.9356575608253479},"rotation":{"x":-0.01610800251364708,"y":0.7588814496994019,"z":-0.01820763386785984,"w":-0.6511008143424988},"size":0.7952362298965454,"orthographic":false}