{"cameraMode":{"drawMode":0,"name":"Shaded","section":"Shading Mode"},"sceneLighting":true,"audioPlay":false,"sceneViewState":{"m_AlwaysRefresh":false,"showFog":true,"showSkybox":true,"showFlares":true,"showImageEffects":true,"showParticleSystems":true,"showVisualEffectGraphs":true,"m_FxEnabled":true},"in2DMode":false,"pivot":{"x":187.46176147460938,"y":-5.695295810699463,"z":79.6050033569336},"rotation":{"x":0.0037753002252429725,"y":0.9985724687576294,"z":-0.07242650538682938,"w":-0.01792297698557377},"size":11.91767692565918,"orthographic":false}