{"cameraMode":{"drawMode":0,"name":"Shaded","section":"Shading Mode"},"sceneLighting":true,"audioPlay":false,"sceneViewState":{"m_AlwaysRefresh":false,"showFog":true,"showSkybox":true,"showFlares":true,"showImageEffects":true,"showParticleSystems":true,"showVisualEffectGraphs":true,"m_FxEnabled":true},"in2DMode":false,"pivot":{"x":240.80548095703126,"y":-2.2984495162963869,"z":88.06672668457031},"rotation":{"x":0.23938651382923127,"y":0.4636439085006714,"z":-0.12255832552909851,"w":0.8458576202392578},"size":12.453972816467286,"orthographic":false}