{"cameraMode":{"drawMode":0,"name":"Shaded","section":"Shading Mode"},"sceneLighting":true,"audioPlay":false,"sceneViewState":{"m_AlwaysRefresh":false,"showFog":true,"showSkybox":true,"showFlares":true,"showImageEffects":true,"showParticleSystems":true,"showVisualEffectGraphs":true,"m_FxEnabled":true},"in2DMode":false,"pivot":{"x":-0.5175514221191406,"y":-2.1391220092773439,"z":3.590036392211914},"rotation":{"x":-0.35815343260765078,"y":-0.01702711544930935,"z":0.006401604041457176,"w":-0.9336047172546387},"size":8.59866714477539,"orthographic":false}