{"cameraMode":{"drawMode":0,"name":"Shaded","section":"Shading Mode"},"sceneLighting":true,"audioPlay":false,"sceneViewState":{"m_AlwaysRefresh":false,"showFog":true,"showSkybox":true,"showFlares":true,"showImageEffects":true,"showParticleSystems":true,"showVisualEffectGraphs":true,"m_FxEnabled":true},"in2DMode":false,"pivot":{"x":-1.3517206907272339,"y":3.193265914916992,"z":-1.6937063932418824},"rotation":{"x":-0.3148130476474762,"y":-0.22768567502498628,"z":0.07806242257356644,"w":-0.9181586503982544},"size":1.4727336168289185,"orthographic":false}