{"cameraMode":{"drawMode":0,"name":"Shaded","section":"Shading Mode"},"sceneLighting":true,"audioPlay":false,"sceneViewState":{"m_AlwaysRefresh":false,"showFog":true,"showSkybox":true,"showFlares":true,"showImageEffects":true,"showParticleSystems":true,"showVisualEffectGraphs":true,"m_FxEnabled":true},"in2DMode":false,"pivot":{"x":-3.2035462856292726,"y":15.766919136047364,"z":5.358091831207275},"rotation":{"x":0.16823294758796693,"y":0.31937482953071597,"z":-0.05776762217283249,"w":0.9309012293815613},"size":0.5557587146759033,"orthographic":false}