{"cameraMode":{"drawMode":0,"name":"Shaded","section":"Shading Mode"},"sceneLighting":true,"audioPlay":false,"sceneViewState":{"m_AlwaysRefresh":false,"showFog":true,"showSkybox":true,"showFlares":true,"showImageEffects":true,"showParticleSystems":true,"showVisualEffectGraphs":true,"m_FxEnabled":true},"in2DMode":false,"pivot":{"x":-1.1676748991012574,"y":-0.5378345251083374,"z":0.7230567336082459},"rotation":{"x":0.14176836609840394,"y":-0.6954427361488342,"z":0.14311422407627107,"w":0.6899346113204956},"size":1.8128595352172852,"orthographic":false}